"table_name","column_name","data_type"
"category_group_rights","id","int"
"category_group_rights","cat_id","int"
"category_group_rights","group_id","int"
"category_group_rights","right_id","int"
"groups","group_id","int"
"groups","group_name","varchar"
"medactor","actor_id","bigint"
"medactor","actor_user","int"
"medactor","actor_name","varbinary"
"medarchive","ar_id","int"
"medarchive","ar_namespace","int"
"medarchive","ar_title","varbinary"
"medarchive","ar_comment_id","bigint"
"medarchive","ar_actor","bigint"
"medarchive","ar_timestamp","binary"
"medarchive","ar_minor_edit","tinyint"
"medarchive","ar_rev_id","int"
"medarchive","ar_deleted","tinyint"
"medarchive","ar_len","int"
"medarchive","ar_page_id","int"
"medarchive","ar_parent_id","int"
"medarchive","ar_sha1","varbinary"
"medblock","bl_id","int"
"medblock","bl_target","int"
"medblock","bl_by_actor","bigint"
"medblock","bl_reason_id","bigint"
"medblock","bl_timestamp","binary"
"medblock","bl_anon_only","tinyint"
"medblock","bl_create_account","tinyint"
"medblock","bl_enable_autoblock","tinyint"
"medblock","bl_expiry","varbinary"
"medblock","bl_deleted","tinyint"
"medblock","bl_block_email","tinyint"
"medblock","bl_allow_usertalk","tinyint"
"medblock","bl_parent_block_id","int"
"medblock","bl_sitewide","tinyint"
"medblock_target","bt_id","int"
"medblock_target","bt_address","tinyblob"
"medblock_target","bt_user","int"
"medblock_target","bt_user_text","varbinary"
"medblock_target","bt_auto","tinyint"
"medblock_target","bt_range_start","tinyblob"
"medblock_target","bt_range_end","tinyblob"
"medblock_target","bt_ip_hex","tinyblob"
"medblock_target","bt_count","int"
"medbot_passwords","bp_user","int"
"medbot_passwords","bp_app_id","varbinary"
"medbot_passwords","bp_password","tinyblob"
"medbot_passwords","bp_token","binary"
"medbot_passwords","bp_restrictions","blob"
"medbot_passwords","bp_grants","blob"
"medcategory","cat_id","int"
"medcategory","parent_id","int"
"medcategory","cat_title","varbinary"
"medcategory","cat_pages","int"
"medcategory","cat_subcats","int"
"medcategory","cat_files","int"
"medcategorylinks","cl_from","int"
"medcategorylinks","cl_target_id","bigint"
"medcategorylinks","cl_to","varbinary"
"medcategorylinks","cl_sortkey","varbinary"
"medcategorylinks","cl_sortkey_prefix","varbinary"
"medcategorylinks","cl_timestamp","timestamp"
"medcategorylinks","cl_collation","varbinary"
"medcategorylinks","cl_type","enum"
"medcategorylinks","cl_collation_id","smallint"
"medchange_tag","ct_id","int"
"medchange_tag","ct_rc_id","bigint"
"medchange_tag","ct_log_id","int"
"medchange_tag","ct_rev_id","int"
"medchange_tag","ct_params","blob"
"medchange_tag","ct_tag_id","int"
"medchange_tag_def","ctd_id","int"
"medchange_tag_def","ctd_name","varbinary"
"medchange_tag_def","ctd_user_defined","tinyint"
"medchange_tag_def","ctd_count","bigint"
"medcollation","collation_id","smallint"
"medcollation","collation_name","varbinary"
"medcomment","comment_id","bigint"
"medcomment","comment_hash","int"
"medcomment","comment_text","blob"
"medcomment","comment_data","blob"
"medcontent","content_id","bigint"
"medcontent","content_size","int"
"medcontent","content_sha1","varbinary"
"medcontent","content_model","smallint"
"medcontent","content_address","varbinary"
"medcontent_models","model_id","int"
"medcontent_models","model_name","varbinary"
"medexistencelinks","exl_from","int"
"medexistencelinks","exl_target_id","bigint"
"medexternallinks","el_id","int"
"medexternallinks","el_from","int"
"medexternallinks","el_to_domain_index","varbinary"
"medexternallinks","el_to_path","blob"
"medfile","file_id","bigint"
"medfile","file_name","varbinary"
"medfile","file_latest","bigint"
"medfile","file_type","smallint"
"medfile","file_deleted","smallint"
"medfilearchive","fa_id","int"
"medfilearchive","fa_name","varbinary"
"medfilearchive","fa_archive_name","varbinary"
"medfilearchive","fa_storage_group","varbinary"
"medfilearchive","fa_storage_key","varbinary"
"medfilearchive","fa_deleted_user","int"
"medfilearchive","fa_deleted_timestamp","binary"
"medfilearchive","fa_deleted_reason_id","bigint"
"medfilearchive","fa_size","bigint"
"medfilearchive","fa_width","int"
"medfilearchive","fa_height","int"
"medfilearchive","fa_metadata","mediumblob"
"medfilearchive","fa_bits","int"
"medfilearchive","fa_media_type","enum"
"medfilearchive","fa_major_mime","enum"
"medfilearchive","fa_minor_mime","varbinary"
"medfilearchive","fa_description_id","bigint"
"medfilearchive","fa_actor","bigint"
"medfilearchive","fa_timestamp","binary"
"medfilearchive","fa_deleted","tinyint"
"medfilearchive","fa_sha1","varbinary"
"medfilerevision","fr_id","bigint"
"medfilerevision","fr_file","bigint"
"medfilerevision","fr_size","bigint"
"medfilerevision","fr_width","int"
"medfilerevision","fr_height","int"
"medfilerevision","fr_metadata","mediumblob"
"medfilerevision","fr_bits","int"
"medfilerevision","fr_description_id","bigint"
"medfilerevision","fr_actor","bigint"
"medfilerevision","fr_timestamp","binary"
"medfilerevision","fr_sha1","varbinary"
"medfilerevision","fr_archive_name","varbinary"
"medfilerevision","fr_deleted","smallint"
"medfiletypes","ft_id","smallint"
"medfiletypes","ft_media_type","varbinary"
"medfiletypes","ft_major_mime","varbinary"
"medfiletypes","ft_minor_mime","varbinary"
"medimage","img_name","varbinary"
"medimage","img_size","bigint"
"medimage","img_width","int"
"medimage","img_height","int"
"medimage","img_metadata","mediumblob"
"medimage","img_bits","int"
"medimage","img_media_type","enum"
"medimage","img_major_mime","enum"
"medimage","img_minor_mime","varbinary"
"medimage","img_description_id","bigint"
"medimage","img_actor","bigint"
"medimage","img_timestamp","binary"
"medimage","img_sha1","varbinary"
"medimagelinks","il_from","int"
"medimagelinks","il_to","varbinary"
"medimagelinks","il_from_namespace","int"
"medinterwiki","iw_prefix","varbinary"
"medinterwiki","iw_url","blob"
"medinterwiki","iw_api","blob"
"medinterwiki","iw_wikiid","varbinary"
"medinterwiki","iw_local","tinyint"
"medinterwiki","iw_trans","tinyint"
"medipblocks_restrictions","ir_ipb_id","int"
"medipblocks_restrictions","ir_type","tinyint"
"medipblocks_restrictions","ir_value","int"
"medip_changes","ipc_rev_id","int"
"medip_changes","ipc_rev_timestamp","binary"
"medip_changes","ipc_hex","varbinary"
"mediwlinks","iwl_from","int"
"mediwlinks","iwl_prefix","varbinary"
"mediwlinks","iwl_title","varbinary"
"medjob","job_id","int"
"medjob","job_cmd","varbinary"
"medjob","job_namespace","int"
"medjob","job_title","varbinary"
"medjob","job_timestamp","binary"
"medjob","job_params","mediumblob"
"medjob","job_random","int"
"medjob","job_attempts","int"
"medjob","job_token","varbinary"
"medjob","job_token_timestamp","binary"
"medjob","job_sha1","varbinary"
"medl10n_cache","lc_lang","varbinary"
"medl10n_cache","lc_key","varbinary"
"medl10n_cache","lc_value","mediumblob"
"medlanglinks","ll_from","int"
"medlanglinks","ll_lang","varbinary"
"medlanglinks","ll_title","varbinary"
"medlinktarget","lt_id","bigint"
"medlinktarget","lt_namespace","int"
"medlinktarget","lt_title","varbinary"
"medlogging","log_id","int"
"medlogging","log_type","varbinary"
"medlogging","log_action","varbinary"
"medlogging","log_timestamp","binary"
"medlogging","log_actor","bigint"
"medlogging","log_namespace","int"
"medlogging","log_title","varbinary"
"medlogging","log_page","int"
"medlogging","log_comment_id","bigint"
"medlogging","log_params","blob"
"medlogging","log_deleted","tinyint"
"medlog_search","ls_field","varbinary"
"medlog_search","ls_value","varbinary"
"medlog_search","ls_log_id","int"
"medobjectcache","keyname","varbinary"
"medobjectcache","value","mediumblob"
"medobjectcache","exptime","binary"
"medobjectcache","modtoken","varbinary"
"medobjectcache","flags","int"
"medoldimage","oi_name","varbinary"
"medoldimage","oi_archive_name","varbinary"
"medoldimage","oi_size","bigint"
"medoldimage","oi_width","int"
"medoldimage","oi_height","int"
"medoldimage","oi_bits","int"
"medoldimage","oi_description_id","bigint"
"medoldimage","oi_actor","bigint"
"medoldimage","oi_timestamp","binary"
"medoldimage","oi_metadata","mediumblob"
"medoldimage","oi_media_type","enum"
"medoldimage","oi_major_mime","enum"
"medoldimage","oi_minor_mime","varbinary"
"medoldimage","oi_deleted","tinyint"
"medoldimage","oi_sha1","varbinary"
"medpage","page_id","int"
"medpage","page_namespace","int"
"medpage","page_title","varbinary"
"medpage","page_is_redirect","tinyint"
"medpage","page_is_new","tinyint"
"medpage","page_random","double"
"medpage","page_touched","binary"
"medpage","page_links_updated","binary"
"medpage","page_latest","int"
"medpage","page_len","int"
"medpage","page_content_model","varbinary"
"medpage","page_lang","varbinary"
"medpagelinks","pl_from","int"
"medpagelinks","pl_target_id","bigint"
"medpagelinks","pl_from_namespace","int"
"medpage_props","pp_page","int"
"medpage_props","pp_propname","varbinary"
"medpage_props","pp_value","blob"
"medpage_props","pp_sortkey","float"
"medpage_restrictions","pr_id","int"
"medpage_restrictions","pr_page","int"
"medpage_restrictions","pr_type","varbinary"
"medpage_restrictions","pr_level","varbinary"
"medpage_restrictions","pr_cascade","tinyint"
"medpage_restrictions","pr_expiry","varbinary"
"medprotected_titles","pt_namespace","int"
"medprotected_titles","pt_title","varbinary"
"medprotected_titles","pt_user","int"
"medprotected_titles","pt_reason_id","bigint"
"medprotected_titles","pt_timestamp","binary"
"medprotected_titles","pt_expiry","varbinary"
"medprotected_titles","pt_create_perm","varbinary"
"medquerycache","qc_type","varbinary"
"medquerycache","qc_value","int"
"medquerycache","qc_namespace","int"
"medquerycache","qc_title","varbinary"
"medquerycachetwo","qcc_type","varbinary"
"medquerycachetwo","qcc_value","int"
"medquerycachetwo","qcc_namespace","int"
"medquerycachetwo","qcc_title","varbinary"
"medquerycachetwo","qcc_namespacetwo","int"
"medquerycachetwo","qcc_titletwo","varbinary"
"medquerycache_info","qci_type","varbinary"
"medquerycache_info","qci_timestamp","binary"
"medrecentchanges","rc_id","bigint"
"medrecentchanges","rc_timestamp","binary"
"medrecentchanges","rc_actor","bigint"
"medrecentchanges","rc_namespace","int"
"medrecentchanges","rc_title","varbinary"
"medrecentchanges","rc_comment_id","bigint"
"medrecentchanges","rc_minor","tinyint"
"medrecentchanges","rc_bot","tinyint"
"medrecentchanges","rc_new","tinyint"
"medrecentchanges","rc_cur_id","int"
"medrecentchanges","rc_this_oldid","int"
"medrecentchanges","rc_last_oldid","int"
"medrecentchanges","rc_type","tinyint"
"medrecentchanges","rc_source","varbinary"
"medrecentchanges","rc_patrolled","tinyint"
"medrecentchanges","rc_ip","varbinary"
"medrecentchanges","rc_old_len","int"
"medrecentchanges","rc_new_len","int"
"medrecentchanges","rc_deleted","tinyint"
"medrecentchanges","rc_logid","int"
"medrecentchanges","rc_log_type","varbinary"
"medrecentchanges","rc_log_action","varbinary"
"medrecentchanges","rc_params","blob"
"medredirect","rd_from","int"
"medredirect","rd_namespace","int"
"medredirect","rd_title","varbinary"
"medredirect","rd_interwiki","varbinary"
"medredirect","rd_fragment","varbinary"
"medrevision","rev_id","bigint"
"medrevision","rev_page","int"
"medrevision","rev_comment_id","bigint"
"medrevision","rev_actor","bigint"
"medrevision","rev_timestamp","binary"
"medrevision","rev_minor_edit","tinyint"
"medrevision","rev_deleted","tinyint"
"medrevision","rev_len","int"
"medrevision","rev_parent_id","bigint"
"medrevision","rev_sha1","varbinary"
"medsearchindex","si_page","int"
"medsearchindex","si_title","mediumtext"
"medsearchindex","si_text","mediumtext"
"medsites","site_id","int"
"medsites","site_global_key","varbinary"
"medsites","site_type","varbinary"
"medsites","site_group","varbinary"
"medsites","site_source","varbinary"
"medsites","site_language","varbinary"
"medsites","site_protocol","varbinary"
"medsites","site_domain","varbinary"
"medsites","site_data","blob"
"medsites","site_forward","tinyint"
"medsites","site_config","blob"
"medsite_identifiers","si_type","varbinary"
"medsite_identifiers","si_key","varbinary"
"medsite_identifiers","si_site","int"
"medsite_stats","ss_row_id","int"
"medsite_stats","ss_total_edits","bigint"
"medsite_stats","ss_good_articles","bigint"
"medsite_stats","ss_total_pages","bigint"
"medsite_stats","ss_users","bigint"
"medsite_stats","ss_active_users","bigint"
"medsite_stats","ss_images","bigint"
"medslots","slot_revision_id","bigint"
"medslots","slot_role_id","smallint"
"medslots","slot_content_id","bigint"
"medslots","slot_origin","bigint"
"medslot_roles","role_id","int"
"medslot_roles","role_name","varbinary"
"medtemplatelinks","tl_from","int"
"medtemplatelinks","tl_target_id","bigint"
"medtemplatelinks","tl_from_namespace","int"
"medtext","old_id","int"
"medtext","old_text","mediumblob"
"medtext","old_flags","tinyblob"
"medupdatelog","ul_key","varbinary"
"medupdatelog","ul_value","blob"
"meduploadstash","us_id","int"
"meduploadstash","us_user","int"
"meduploadstash","us_key","varbinary"
"meduploadstash","us_orig_path","varbinary"
"meduploadstash","us_path","varbinary"
"meduploadstash","us_source_type","varbinary"
"meduploadstash","us_timestamp","binary"
"meduploadstash","us_status","varbinary"
"meduploadstash","us_chunk_inx","int"
"meduploadstash","us_props","blob"
"meduploadstash","us_size","bigint"
"meduploadstash","us_sha1","varbinary"
"meduploadstash","us_mime","varbinary"
"meduploadstash","us_media_type","enum"
"meduploadstash","us_image_width","int"
"meduploadstash","us_image_height","int"
"meduploadstash","us_image_bits","smallint"
"meduser","user_id","int"
"meduser","user_name","varbinary"
"meduser","user_real_name","varbinary"
"meduser","user_password","tinyblob"
"meduser","user_newpassword","tinyblob"
"meduser","user_newpass_time","binary"
"meduser","user_email","tinyblob"
"meduser","user_touched","binary"
"meduser","user_token","binary"
"meduser","user_email_authenticated","binary"
"meduser","user_email_token","binary"
"meduser","user_email_token_expires","binary"
"meduser","user_registration","binary"
"meduser","user_editcount","int"
"meduser","user_password_expires","varbinary"
"meduser","user_is_temp","tinyint"
"meduser_autocreate_serial","uas_shard","int"
"meduser_autocreate_serial","uas_year","smallint"
"meduser_autocreate_serial","uas_value","int"
"meduser_former_groups","ufg_user","int"
"meduser_former_groups","ufg_group","varbinary"
"meduser_groups","ug_user","int"
"meduser_groups","ug_group","varbinary"
"meduser_groups","ug_expiry","varbinary"
"meduser_newtalk","user_id","int"
"meduser_newtalk","user_ip","varbinary"
"meduser_newtalk","user_last_timestamp","binary"
"meduser_properties","up_user","int"
"meduser_properties","up_property","varbinary"
"meduser_properties","up_value","blob"
"medwatchlist","wl_id","int"
"medwatchlist","wl_user","int"
"medwatchlist","wl_namespace","int"
"medwatchlist","wl_title","varbinary"
"medwatchlist","wl_notificationtimestamp","binary"
"medwatchlist_expiry","we_item","int"
"medwatchlist_expiry","we_expiry","binary"
"rights","right_id","int"
"rights","right_name","varchar"
"user_group_membership","id","int"
"user_group_membership","user_id","int"
"user_group_membership","group_id","int"
"user_group_rights","id","int"
"user_group_rights","group_name","varchar"
"user_group_rights","page_or_section","varchar"
"user_group_rights","can_access","tinyint"
"user_group_rights","include_subsections","tinyint"
